,Accuracy.Accuracy,Precision.Pos Pred Value,Recall.Sensitivity,F1.Pos Pred Value,AUC
Random Forest,0.779690189,0.729230769,0.855595668,0.787375415,0.848256698
AdaBoost,0.771084337,0.75,0.779783394,0.76460177,0.819951786
Gradient Boosting,0.769363167,0.742372881,0.790613718,0.765734266,0.825978529
Decision Tree,0.745266781,0.714285714,0.776173285,0.743944637,0.754512635
SVM,0.741824441,0.710963455,0.772563177,0.740484429,0.809139274
Logistic Regression,0.707401033,0.66984127,0.761732852,0.712837838,0.711013205
Neural Network,0.681583477,0.655405405,0.700361011,0.677137871,0.724491735
Naive Bayes,0.617900172,0.706766917,0.339350181,0.458536585,0.767100513
KNN,0.592082616,0.602040816,0.42599278,0.498942918,0.6279154
