"","Accuracy.Accuracy","Precision.Pos Pred Value","Recall.Sensitivity","F1.Pos Pred Value","AUC"
"Random Forest",0.78829604130809,0.751633986928105,0.830324909747292,0.789022298456261,0.82284937298119
"AdaBoost",0.78829604130809,0.763698630136986,0.805054151624549,0.783831282952548,0.837218554056622
"Gradient Boosting",0.783132530120482,0.759450171821306,0.797833935018051,0.778169014084507,0.841327427322819
"SVM",0.750430292598967,0.72,0.779783393501805,0.748700173310225,0.824203163594908
"Decision Tree",0.74526678141136,0.714285714285714,0.776173285198556,0.743944636678201,0.754512635379061
"Neural Network",0.733218588640275,0.699346405228758,0.772563176895307,0.734133790737564,0.787413309899297
"Naive Bayes",0.719449225473322,0.644670050761421,0.916967509025271,0.757078986587183,0.814643501805055
"KNN",0.705679862306368,0.654970760233918,0.808664259927798,0.723747980613893,0.75725584267528
"Logistic Regression",0.700516351118761,0.657492354740061,0.776173285198556,0.711920529801324,0.727632766482995
