Feature Set,Model,Accuracy,Precision,Recall,F1 Score,ROC-AUC
RFE,Logistic Regression,0.697594501718213,0.7829457364341085,0.6273291925465838,0.6965517241379311,0.742044911610129
RFE,Random Forest,0.7474226804123711,0.8181818181818182,0.6987577639751553,0.7537688442211055,0.8258480649784998
RFE,SVM,0.6752577319587629,0.7736625514403292,0.5838509316770186,0.6654867256637168,0.758325370281892
LASSO,Logistic Regression,0.697594501718213,0.7829457364341085,0.6273291925465838,0.6965517241379311,0.7399307214524606
LASSO,Random Forest,0.718213058419244,0.7532051282051282,0.7298136645962733,0.7413249211356467,0.7947921643573818
LASSO,SVM,0.6752577319587629,0.7736625514403292,0.5838509316770186,0.6654867256637168,0.762087912087912
Random Forest,Logistic Regression,0.6958762886597938,0.7843137254901961,0.6211180124223602,0.6932409012131715,0.7319397993311036
Random Forest,Random Forest,0.7577319587628866,0.8315018315018315,0.7049689440993789,0.7630252100840338,0.8228977544194936
Random Forest,SVM,0.5549828178694158,0.5665961945031712,0.8322981366459627,0.6742138364779874,0.5444457716196847
